<?xml version="1.0" encoding="UTF-8"?>
<rss version="2.0" xmlns:ror="http://rorweb.com/0.1/" >
<channel>
  <title>ROR Sitemap for http://pezzo.in/</title>
  <link>http://pezzo.in/</link>

<item>
     <link>http://pezzo.in/</link>
     <title>Pezzo | Marketing consultation | Branding | Web Development | Motion Design | Graphic Design | Photography |
        Cinematography </title>
     <description>Marketing consultation- pezzo offering services like Marketing Consultation, Branding, Web Development, Motion Design, Graphic Design, Photography, Cinematography</description>
     <ror:updatePeriod></ror:updatePeriod>
     <ror:sortOrder>0</ror:sortOrder>
     <ror:resourceOf>sitemap</ror:resourceOf>
</item>
<item>
     <link>http://pezzo.in/portfolio-bittye.html</link>
     <title>PEZZO | Marketing consultation | Branding | Web Development | Motion Design | Graphic Design | Photography | Cinematography </title>
     <description>Marketing consultation- pezzo offering services like Marketing Consultation, Branding, Web Development, Motion Design, Graphic Design, Photography, Cinematography</description>
     <ror:updatePeriod></ror:updatePeriod>
     <ror:sortOrder>1</ror:sortOrder>
     <ror:resourceOf>sitemap</ror:resourceOf>
</item>
<item>
     <link>http://pezzo.in/portfolio-neeladhri-ceramics.html</link>
     <title>Pezzo | Marketing consultation | Branding | Web Development | Motion Design | Graphic Design | Photography | Cinematography </title>
     <description>Marketing consultation- pezzo offering services like Marketing Consultation, Branding, Web Development, Motion Design, Graphic Design, Photography, Cinematography</description>
     <ror:updatePeriod></ror:updatePeriod>
     <ror:sortOrder>1</ror:sortOrder>
     <ror:resourceOf>sitemap</ror:resourceOf>
</item>
<item>
     <link>http://pezzo.in/portfolio-parva.html</link>
     <title>Pezzo | Marketing consultation | Branding | Web Development | Motion Design | Graphic Design | Photography | Cinematography </title>
     <description>Marketing consultation- pezzo offering services like Marketing Consultation, Branding, Web Development, Motion Design, Graphic Design, Photography, Cinematography</description>
     <ror:updatePeriod></ror:updatePeriod>
     <ror:sortOrder>1</ror:sortOrder>
     <ror:resourceOf>sitemap</ror:resourceOf>
</item>
<item>
     <link>http://pezzo.in/portfolio-castle-key.html</link>
     <title>Pezzo | Marketing consultation | Branding | Web Development | Motion Design | Graphic Design | Photography | Cinematography </title>
     <description>Marketing consultation- pezzo offering services like Marketing Consultation, Branding, Web Development, Motion Design, Graphic Design, Photography, Cinematography</description>
     <ror:updatePeriod></ror:updatePeriod>
     <ror:sortOrder>1</ror:sortOrder>
     <ror:resourceOf>sitemap</ror:resourceOf>
</item>
<item>
     <link>http://pezzo.in/portfolio-pearson.html</link>
     <title>PEZZO | Marketing consultation | Branding | Web Development | Motion Design | Graphic Design | Photography | Cinematography </title>
     <description>Marketing consultation- pezzo offering services like Marketing Consultation, Branding, Web Development, Motion Design, Graphic Design, Photography, Cinematography</description>
     <ror:updatePeriod></ror:updatePeriod>
     <ror:sortOrder>1</ror:sortOrder>
     <ror:resourceOf>sitemap</ror:resourceOf>
</item>
<item>
     <link>http://pezzo.in/portfolio-mysmaty.html</link>
     <title>PEZZO | Marketing consultation | Branding | Web Development | Motion Design | Graphic Design | Photography | Cinematography </title>
     <description>Marketing consultation- pezzo offering services like Marketing Consultation, Branding, Web Development, Motion Design, Graphic Design, Photography, Cinematography</description>
     <ror:updatePeriod></ror:updatePeriod>
     <ror:sortOrder>1</ror:sortOrder>
     <ror:resourceOf>sitemap</ror:resourceOf>
</item>
<item>
     <link>http://pezzo.in/portfolio-axiom.html</link>
     <title>PEZZO | Marketing consultation | Branding | Web Development | Motion Design | Graphic Design | Photography | Cinematography </title>
     <description>Marketing consultation- pezzo offering services like Marketing Consultation, Branding, Web Development, Motion Design, Graphic Design, Photography, Cinematography</description>
     <ror:updatePeriod></ror:updatePeriod>
     <ror:sortOrder>1</ror:sortOrder>
     <ror:resourceOf>sitemap</ror:resourceOf>
</item>
<item>
     <link>http://pezzo.in/portfolio-money-and-me.html</link>
     <title>PEZZO | Marketing consultation | Branding | Web Development | Motion Design | Graphic Design | Photography | Cinematography </title>
     <description>Marketing consultation- pezzo offering services like Marketing Consultation, Branding, Web Development, Motion Design, Graphic Design, Photography, Cinematography</description>
     <ror:updatePeriod></ror:updatePeriod>
     <ror:sortOrder>1</ror:sortOrder>
     <ror:resourceOf>sitemap</ror:resourceOf>
</item>
<item>
     <link>http://pezzo.in/portfolio-axinovate.html</link>
     <title>PEZZO | Marketing consultation | Branding | Web Development | Motion Design | Graphic Design | Photography | Cinematography </title>
     <description>Marketing consultation- pezzo offering services like Marketing Consultation, Branding, Web Development, Motion Design, Graphic Design, Photography, Cinematography</description>
     <ror:updatePeriod></ror:updatePeriod>
     <ror:sortOrder>1</ror:sortOrder>
     <ror:resourceOf>sitemap</ror:resourceOf>
</item>
<item>
     <link>http://pezzo.in/portfolio-item-03.html</link>
     <title>PEZZO | Marketing consultation | Branding | Web Development | Motion Design | Graphic Design | Photography | Cinematography </title>
     <description>Marketing consultation- pezzo offering services like Marketing Consultation, Branding, Web Development, Motion Design, Graphic Design, Photography, Cinematography</description>
     <ror:updatePeriod></ror:updatePeriod>
     <ror:sortOrder>2</ror:sortOrder>
     <ror:resourceOf>sitemap</ror:resourceOf>
</item>
<item>
     <link>http://pezzo.in/portfolio-item-02.html</link>
     <title>PEZZO | Marketing consultation | Branding | Web Development | Motion Design | Graphic Design | Photography | Cinematography </title>
     <description>Marketing consultation- pezzo offering services like Marketing Consultation, Branding, Web Development, Motion Design, Graphic Design, Photography, Cinematography</description>
     <ror:updatePeriod></ror:updatePeriod>
     <ror:sortOrder>2</ror:sortOrder>
     <ror:resourceOf>sitemap</ror:resourceOf>
</item>
<item>
     <link>http://pezzo.in/index.php</link>
     <title>Pezzo | Marketing consultation | Branding | Web Development | Motion Design | Graphic Design | Photography |
        Cinematography </title>
     <description>Marketing consultation- pezzo offering services like Marketing Consultation, Branding, Web Development, Motion Design, Graphic Design, Photography, Cinematography</description>
     <ror:updatePeriod></ror:updatePeriod>
     <ror:sortOrder>2</ror:sortOrder>
     <ror:resourceOf>sitemap</ror:resourceOf>
</item>
<item>
     <link>http://pezzo.in/portfolio-item-01.html</link>
     <title>PEZZO | Marketing consultation | Branding | Web Development | Motion Design | Graphic Design | Photography | Cinematography </title>
     <description>Marketing consultation- pezzo offering services like Marketing Consultation, Branding, Web Development, Motion Design, Graphic Design, Photography, Cinematography</description>
     <ror:updatePeriod></ror:updatePeriod>
     <ror:sortOrder>3</ror:sortOrder>
     <ror:resourceOf>sitemap</ror:resourceOf>
</item>
</channel>
</rss>
  